,,,,,,,,,,,,,,,
GA sample ID,Gender,Ethnicity,Ethnicity short name,Region,Region short name,Country,Country of origin,Public,Related to,% Neanderthal ancestry,% Denisovan ancestry,Language group,Social Hierarchy ,mt- haplogroup,Y-haplogroup
GA000009,U,Yadava,YAD,SouthAsia,SAS,India,India,Yes,,2.27328,0.247869,,,,
GA000012,U,Relli,RLL,SouthAsia,SAS,India,India,Yes,,2.2144,0.373224,,,,
GA000013,U,Kapu,KPU,SouthAsia,SAS,India,India,Yes,,2.03951,0.26527,,,,
GA000015,U,Relli,RLL,SouthAsia,SAS,India,India,Yes,,2.15043,0.295099,,,,
GA000016,U,Kapu,KPU,SouthAsia,SAS,India,India,Yes,,2.22477,0.228338,,,,
GA000055,M,Punjabi,PJB,SouthAsia,SAS,Pakistan,Pakistan,Yes,,2.44249,0.179332,,,,
GA000059,F,Punjabi,PJB,SouthAsia,SAS,Pakistan,Pakistan,Yes,,1.97457,0.145597,,,,
GA000061,U,Madiga,MDG,SouthAsia,SAS,India,India,Yes,,2.14789,0.354048,,,,
GA000062,U,Brahmin,BMN,SouthAsia,SAS,India,India,Yes,,1.98318,0.221236,,,,
GA000063,U,Madiga,MDG,SouthAsia,SAS,India,India,Yes,,2.09292,0.323153,,,,
GA000064,U,Brahmin,BMN,SouthAsia,SAS,India,India,Yes,,2.24726,0.239702,,,,
GA000067,U,Mala,MLA,SouthAsia,SAS,India,India,Yes,,2.11483,0.237926,,,,
GA000070,U,KhondaDora,KHD,SouthAsia,SAS,India,India,Yes,,2.26976,0.322088,,,,
GA000071,U,Mala,MLA,SouthAsia,SAS,India,India,Yes,,2.14887,0.278409,,,,
GA000073,U,Irula,IRU,SouthAsia,SAS,India,India,Yes,,2.13811,0.341974,,,,
GA000074,U,Yadava,YAD,SouthAsia,SAS,India,India,Yes,,2.26858,0.231179,,,,
GA000078,U,Irula,IRU,SouthAsia,SAS,India,India,Yes,,2.30067,0.263139,,,,
GA000107,M,Kusunda,KUS,SouthAsia,SAS,Nepal,Nepal,Yes,,2.28717,0.385298,,,,
GA000116,M,Kusunda,KUS,SouthAsia,SAS,Nepal,Nepal,Yes,,2.17625,0.290128,,,,
GA000142,F,BEB,BEB,SouthAsia,SAS,Bangladesh,Bangladesh,Yes,,2.3707,0.344105,,,,
GA000149,M,BEB,BEB,SouthAsia,SAS,Bangladesh,Bangladesh,Yes,,2.32062,0.194957,,,,
GA000162,F,PJL,PJB,SouthAsia,SAS,Pakistan,Pakistan,Yes,,1.94366,0.316761,,,,
GA000163,M,PJL,PJB,SouthAsia,SAS,Pakistan,Pakistan,Yes,,2.07336,0.224432,,,,
GA000177,F,Sindhi,SND,SouthAsia,SAS,Pakistan,Pakistan,Yes,,1.89534,0.137429,,,,
GA000178,M,Sindhi,SND,SouthAsia,SAS,Pakistan,Pakistan,Yes,,2.31299,0.128551,,,,
GA000192,F,Kalash,KAL,SouthAsia,SAS,Pakistan,Pakistan,Yes,,2.08255,0.0777699,,,,
GA000193,M,Kalash,KAL,SouthAsia,SAS,Pakistan,Pakistan,Yes,,2.0311,0.0834517,,,,
GA000200,M,Hazara,HAZ,SouthAsia,SAS,Pakistan,Pakistan,Yes,,2.16041,0.176491,,,,
GA000201,M,Hazara,HAZ,SouthAsia,SAS,Pakistan,Pakistan,Yes,,2.16217,0.176136,,,,
GA000210,M,Burusho,BRU,SouthAsia,SAS,Pakistan,Pakistan,Yes,,2.21851,0.100497,,,,
GA000230,M,Balochi,BAL,SouthAsia,SAS,Pakistan,Pakistan,Yes,,1.95168,0.0582386,,,,
GA000246,F,Pathan,PAT,SouthAsia,SAS,Pakistan,Pakistan,Yes,,1.90493,0.116832,,,,
GA000247,M,Pathan,PAT,SouthAsia,SAS,Pakistan,Pakistan,Yes,,2.07179,0.176136,,,,
GA000251,F,Makrani,MKR,SouthAsia,SAS,Pakistan,Pakistan,Yes,,1.67664,0.00816761,,,,
GA000252,M,Makrani,MKR,SouthAsia,SAS,Pakistan,Pakistan,Yes,,2.04186,0.0625,,,,
GA000258,F,Burusho,BRU,SouthAsia,SAS,Pakistan,Pakistan,Yes,,2.23259,0.104759,,,,
GA000259,M,Brahui,BRA,SouthAsia,SAS,Pakistan,Pakistan,Yes,,2.17958,0.0820312,,,,
GA000260,M,Brahui,BRA,SouthAsia,SAS,Pakistan,Pakistan,Yes,,1.92684,0.0308949,,,,
GA000275,M,Balochi,BAL,SouthAsia,SAS,Pakistan,Pakistan,Yes,,1.94484,0.0681818,,,,
GA000291,M,GIH,GIH,SouthAsia,SAS,USA,India,Yes,,2.30125,0.253906,,,,
GA000292,M,ITU,ITU,SouthAsia,SAS,UK,India,Yes,,1.98063,0.303622,,,,
GA000293,M,PJL,PJB,SouthAsia,SAS,Pakistan,Pakistan,Yes,,1.96127,0.154119,,,,
GA000294,F,STU,STU,SouthAsia,SAS,UK,Sri Lanka,Yes,,1.82316,0.365412,,,,
GA000422,F,SouthIndian,SSI,SouthAsia,SAS,India,India,Yes,,2.19718,0.20206,,,,
GA000632,F,Irula,IRU,SouthAsia,SAS,India,India,No,,2.05692,0.302912,,,,
GA000633,M,Irula,IRU,SouthAsia,SAS,India,India,No,,2.09977,0.316051,,,,
GA000634,M,SouthIndian,SZH,SouthAsia,SAS,India,India,No,"Yes (GA000636, GA000641, GA000642)",2.25763,0.211648,,,,
GA000635,M,SouthIndian,SZH,SouthAsia,SAS,India,India,No,"Yes (GA000637, GA000638, GA000639)",2.08959,0.173295,,,,
GA000636,M,SouthIndian,SZH,SouthAsia,SAS,India,India,No,,2.12813,0.294389,,,,
GA000637,M,SouthIndian,SZH,SouthAsia,SAS,India,India,No,"Yes (GA000635, GA000638, GA000639)",2.00646,0.141335,,,,
GA000638,M,SouthIndian,SZH,SouthAsia,SAS,India,India,No,"Yes (GA000635, GA000637, GA000639)",2.05595,0.12571,,,,
GA000639,M,SouthIndian,SZH,SouthAsia,SAS,India,India,No,,1.9597,0.132457,,,,
GA000640,F,SouthIndian,SZH,SouthAsia,SAS,India,India,No,,2.25176,0.157315,,,,
GA000641,F,SouthIndian,SZH,SouthAsia,SAS,India,India,No,Yes (GA000636),2.1471,0.356179,,,,
GA000642,F,SouthIndian,SZH,SouthAsia,SAS,India,India,No,,2.20481,0.292614,,,,
GA000643,F,Indian,SSI,SouthAsia,SAS,Singapore,India,Yes,,2.30145,0.213423,,,,
GA000644,M,Indian,SSI,SouthAsia,SAS,Singapore,India,Yes,,2.08705,0.370384,,,,
GA000645,F,Indian,SSI,SouthAsia,SAS,Singapore,India,Yes,,2.13243,0.349787,,,,
GA000646,M,Indian,SSI,SouthAsia,SAS,Singapore,India,Yes,,2.10974,0.156605,,,,
GA000647,M,Indian,SSI,SouthAsia,SAS,Singapore,India,Yes,,2.08099,0.156605,,,,
GA000648,F,Indian,SSI,SouthAsia,SAS,Singapore,India,Yes,,2.23298,0.200994,,,,
GA000649,M,Indian,SSI,SouthAsia,SAS,Singapore,India,Yes,,2.0939,0.224432,,,,
GA000650,F,Indian,SSI,SouthAsia,SAS,Singapore,India,Yes,,1.97829,0.225142,,,,
GA000651,F,Indian,SSI,SouthAsia,SAS,Singapore,India,Yes,,2.0757,0.319957,,,,
GA000652,M,Indian,SSI,SouthAsia,SAS,Singapore,India,Yes,,2.09096,0.26456,,,,
GA000653,F,Indian,SSI,SouthAsia,SAS,Singapore,India,Yes,,2.03032,0.224787,,,,
GA000654,M,Indian,SSI,SouthAsia,SAS,Singapore,India,Yes,,2.14339,0.257102,,,,
GA000655,F,Indian,SSI,SouthAsia,SAS,Singapore,India,Yes,,2.06944,0.207386,,,,
GA000656,F,Indian,SSI,SouthAsia,SAS,Singapore,India,Yes,,2.33314,0.347301,,,,
GA000657,F,Indian,SSI,SouthAsia,SAS,Singapore,India,Yes,,2.13811,0.298651,,,,
GA000658,F,Indian,SSI,SouthAsia,SAS,Singapore,India,Yes,,2.04812,0.222656,,,,
GA000659,F,Indian,SSI,SouthAsia,SAS,Singapore,India,Yes,,2.22907,0.20206,,,,
GA000660,F,Indian,SSI,SouthAsia,SAS,Singapore,India,Yes,Yes (GA000667),2.3482,0.23331,,,,
GA000661,F,Indian,SSI,SouthAsia,SAS,Singapore,India,Yes,,2.1516,0.223722,,,,
GA000662,F,Indian,SSI,SouthAsia,SAS,Singapore,India,Yes,,2.15473,0.315696,,,,
GA000663,M,Indian,SSI,SouthAsia,SAS,Singapore,India,Yes,,2.26682,0.263494,,,,
GA000664,F,Indian,SSI,SouthAsia,SAS,Singapore,India,Yes,,2.16412,0.154474,,,,
GA000665,F,Indian,SSI,SouthAsia,SAS,Singapore,India,Yes,,2.10661,0.291903,,,,
GA000666,F,Indian,SSI,SouthAsia,SAS,Singapore,India,Yes,,2.1207,0.182884,,,,
GA000667,F,Indian,SSI,SouthAsia,SAS,Singapore,India,Yes,,2.08959,0.21733,,,,
GA000668,F,Indian,SSI,SouthAsia,SAS,Singapore,India,Yes,,2.1921,0.245028,,,,
GA000669,M,Indian,SSI,SouthAsia,SAS,Singapore,India,Yes,,2.34194,0.335582,,,,
GA000670,F,Indian,SSI,SouthAsia,SAS,Singapore,India,Yes,,2.18623,0.132457,,,,
GA000671,M,Indian,SSI,SouthAsia,SAS,Singapore,India,Yes,,2.12911,0.371094,,,,
GA000672,M,Indian,SSI,SouthAsia,SAS,Singapore,India,Yes,,2.32844,0.18892,,,,
GA000673,F,Indian,SSI,SouthAsia,SAS,Singapore,India,Yes,,2.00274,0.163352,,,,
GA000674,M,Indian,SSI,SouthAsia,SAS,Singapore,India,Yes,,2.09879,0.340909,,,,
GA000675,F,Indian,SSI,SouthAsia,SAS,Singapore,India,Yes,,2.00782,0.240057,,,,
GA000676,M,Indian,SSI,SouthAsia,SAS,Singapore,India,Yes,,2.13654,0.243608,,,,
GA000677,F,Indian,SSI,SouthAsia,SAS,Singapore,India,Yes,,2.15786,0.178267,,,,
GA000678,F,Indian,SSI,SouthAsia,SAS,Singapore,India,Yes,,2.41725,0.331676,,,,
GA000679,F,Indian,SSI,SouthAsia,SAS,Singapore,India,Yes,,2.11052,0.180753,,,,
GA000680,F,Indian,SSI,SouthAsia,SAS,Singapore,India,Yes,,2.06123,0.34375,,,,
GA000781,F,Jarwa,JAR,SouthAsia,SAS,India,India,No,,2.4284,0.260653,,,,
GA000782,U,Jarwa,JAR,SouthAsia,SAS,India,India,No,,2.27387,0.376776,,,,
GA000783,F,Jarwa,JAR,SouthAsia,SAS,India,India,No,,2.56749,0.400923,,,,
GA000784,F,Jarwa,JAR,SouthAsia,SAS,India,India,No,,2.45188,0.371449,,,,
GA000785,M,Jarwa,JAR,SouthAsia,SAS,India,India,No,,2.55047,0.372514,,,,
GA000786,F,Jarwa,JAR,SouthAsia,SAS,India,India,No,Yes (GA000802),2.53541,0.42223,,,,
GA000787,M,Jarwa,JAR,SouthAsia,SAS,India,India,No,,2.52895,0.364347,,,,
GA000788,M,Jarwa,JAR,SouthAsia,SAS,India,India,No,,2.47594,0.354403,,,,
GA000789,F,Jarwa,JAR,SouthAsia,SAS,India,India,No,"Yes (GA000806, GA000807)",2.33118,0.388494,,,,
GA000790,M,Jarwa,JAR,SouthAsia,SAS,India,India,No,,2.56279,0.312145,,,,
GA000791,M,Jarwa,JAR,SouthAsia,SAS,India,India,No,,2.46127,0.341974,,,,
GA000792,M,Jarwa,JAR,SouthAsia,SAS,India,India,No,,2.5669,0.398082,,,,
GA000793,F,Onge,ONG,SouthAsia,SAS,India,India,No,,2.34018,0.212713,,,,
GA000794,M,Onge,ONG,SouthAsia,SAS,India,India,No,,2.60172,0.355824,,,,
GA000795,M,Onge,ONG,SouthAsia,SAS,India,India,No,,2.25117,0.31108,,,,
GA000796,F,Onge,ONG,SouthAsia,SAS,India,India,No,"Yes (GA000797, GA000803)",2.38635,0.255327,,,,
GA000797,F,Onge,ONG,SouthAsia,SAS,India,India,No,,2.34487,0.232244,,,,
GA000798,M,Onge,ONG,SouthAsia,SAS,India,India,No,"Yes (GA000799, GA000800)",2.35544,0.273793,,,,
GA000799,F,Onge,ONG,SouthAsia,SAS,India,India,No,"Yes (GA000793, GA000795, GA000798, GA000800)",2.36835,0.288352,,,,
GA000800,F,Onge,ONG,SouthAsia,SAS,India,India,No,,2.4779,0.316051,,,,
GA000801,F,Onge,ONG,SouthAsia,SAS,India,India,No,,2.38165,0.362926,,,,
GA000802,M,Onge,ONG,SouthAsia,SAS,India,India,No,,2.43584,0.397727,,,,
GA000803,F,Onge,ONG,SouthAsia,SAS,India,India,No,,2.52347,0.328835,,,,
GA000804,F,Onge,ONG,SouthAsia,SAS,India,India,No,,2.58666,0.276989,,,,
GA000805,M,Onge,ONG,SouthAsia,SAS,India,India,No,,2.44601,0.324219,,,,
GA000806,F,Onge,ONG,SouthAsia,SAS,India,India,No,"Yes (GA000789, GA000807)",2.40865,0.346946,,,,
GA000807,M,Onge,ONG,SouthAsia,SAS,India,India,No,,2.49902,0.358665,,,,
GA000808,M,Agharia,AGH,SouthAsia,SAS,India,India,No,,2.11444,0.205611,,,,
GA000809,M,Agharia,AGH,SouthAsia,SAS,India,India,No,,2.25254,0.378196,,,,
GA000810,F,Agharia,AGH,SouthAsia,SAS,India,India,No,,2.10329,0.237571,,,,
GA000811,M,Agharia,AGH,SouthAsia,SAS,India,India,No,,2.28697,0.290128,,,,
GA000812,M,Agharia,AGH,SouthAsia,SAS,India,India,No,"Yes (GA000814, GA000815)",2.15826,0.226918,,,,
GA000813,F,Agharia,AGH,SouthAsia,SAS,India,India,No,,2.32629,0.235795,,,,
GA000814,F,Agharia,AGH,SouthAsia,SAS,India,India,No,"Yes (GA000812, GA000815)",2.31416,0.28196,,,,
GA000815,F,Agharia,AGH,SouthAsia,SAS,India,India,No,,2.15356,0.21804,,,,
GA000816,F,Agharia,AGH,SouthAsia,SAS,India,India,No,,2.11835,0.237571,,,,
GA000817,M,Agharia,AGH,SouthAsia,SAS,India,India,No,,1.95794,0.261364,,,,
GA000818,F,Agharia,AGH,SouthAsia,SAS,India,India,No,,2.00685,0.165483,,,,
GA000819,M,Agharia,AGH,SouthAsia,SAS,India,India,No,,1.82277,0.148082,,,,
GA000820,F,Agharia,AGH,SouthAsia,SAS,India,India,No,,1.97085,0.0965909,,,,
GA000821,F,Agharia,AGH,SouthAsia,SAS,India,India,No,,1.86072,0.167969,,,,
GA000822,F,Agharia,AGH,SouthAsia,SAS,India,India,No,,1.67664,0.229759,,,,
GA000823,M,Agharia,AGH,SouthAsia,SAS,India,India,No,,1.9599,0.162642,,,,
GA000824,F,Dhurwa,DHR,SouthAsia,SAS,India,India,No,,2.19484,0.337003,,,,
GA000825,F,Dhurwa,DHR,SouthAsia,SAS,India,India,No,,2.30477,0.370739,,,,
GA000826,F,Dhurwa,DHR,SouthAsia,SAS,India,India,No,,2.4374,0.416548,,,,
GA000827,M,Dhurwa,DHR,SouthAsia,SAS,India,India,No,,2.17645,0.416903,,,,
GA000828,M,Dhurwa,DHR,SouthAsia,SAS,India,India,No,,2.28443,0.474077,,,,
GA000829,F,Dhurwa,DHR,SouthAsia,SAS,India,India,No,,2.35211,0.32777,,,,
GA000830,M,Dhurwa,DHR,SouthAsia,SAS,India,India,No,,2.30438,0.354403,,,,
GA000831,F,Dhurwa,DHR,SouthAsia,SAS,India,India,No,,2.3036,0.354403,,,,
GA000832,M,Dhurwa,DHR,SouthAsia,SAS,India,India,No,,2.36561,0.37571,,,,
GA000833,M,Dhurwa,DHR,SouthAsia,SAS,India,India,No,,2.17919,0.355114,,,,
GA000834,F,Dorla,DOR,SouthAsia,SAS,India,India,No,,2.45951,0.273082,,,,
GA000835,M,Dorla,DOR,SouthAsia,SAS,India,India,No,,2.357,0.36044,,,,
GA000836,M,Dorla,DOR,SouthAsia,SAS,India,India,No,,2.29577,0.308239,,,,
GA000837,M,Dorla,DOR,SouthAsia,SAS,India,India,No,,2.20246,0.370028,,,,
GA000838,M,Dorla,DOR,SouthAsia,SAS,India,India,No,,2.50098,0.511009,,,,
GA000839,M,Dorla,DOR,SouthAsia,SAS,India,India,No,,2.3304,0.333452,,,,
GA000840,M,Dorla,DOR,SouthAsia,SAS,India,India,No,,2.4239,0.398438,,,,
GA000841,F,Dorla,DOR,SouthAsia,SAS,India,India,No,,2.49081,0.3125,,,,
GA000842,F,Dorla,DOR,SouthAsia,SAS,India,India,No,,2.35387,0.417259,,,,
GA000843,M,Dorla,DOR,SouthAsia,SAS,India,India,No,,2.42547,0.425426,,,,
GA000844,M,Dorla,DOR,SouthAsia,SAS,India,India,No,,2.34742,0.26456,,,,
GA000845,M,Dorla,DOR,SouthAsia,SAS,India,India,No,,2.15884,0.354759,,,,
GA000846,M,Muria,MUR,SouthAsia,SAS,India,India,No,,2.23513,0.51669,,,,
GA000847,M,Muria,MUR,SouthAsia,SAS,India,India,No,,2.41138,0.503196,,,,
GA000848,M,Muria,MUR,SouthAsia,SAS,India,India,No,,2.18603,0.363636,,,,
GA000849,M,Muria,MUR,SouthAsia,SAS,India,India,No,,2.44621,0.322443,,,,
GA000850,M,Muria,MUR,SouthAsia,SAS,India,India,No,,2.40728,0.273082,,,,
GA000851,U,Muria,MUR,SouthAsia,SAS,India,India,No,,2.40806,0.29794,,,,
GA000852,M,Muria,MUR,SouthAsia,SAS,India,India,No,,2.39065,0.361151,,,,
GA000853,F,Muria,MUR,SouthAsia,SAS,India,India,No,,2.16315,0.377131,,,,
GA000854,F,Muria,MUR,SouthAsia,SAS,India,India,No,,2.22496,0.308949,,,,
GA000855,F,Muria,MUR,SouthAsia,SAS,India,India,No,,2.39026,0.411222,,,,
GA000856,F,Abujmaria,ABM,SouthAsia,SAS,India,India,No,,2.42879,0.416548,,,,
GA000857,F,Abujmaria,ABM,SouthAsia,SAS,India,India,No,,2.31651,0.375,,,,
GA000858,F,Abujmaria,ABM,SouthAsia,SAS,India,India,No,,2.31808,0.430043,,,,
GA000859,F,Abujmaria,ABM,SouthAsia,SAS,India,India,No,,2.17351,0.514915,,,,
GA000860,F,Abujmaria,ABM,SouthAsia,SAS,India,India,No,,2.23279,0.34304,,,,
GA000861,F,Abujmaria,ABM,SouthAsia,SAS,India,India,No,,2.46303,0.292614,,,,
GA000862,M,Abujmaria,ABM,SouthAsia,SAS,India,India,No,,2.38635,0.54652,,,,
GA000863,M,Abujmaria,ABM,SouthAsia,SAS,India,India,No,,2.45207,0.275213,,,,
GA000864,M,Abujmaria,ABM,SouthAsia,SAS,India,India,No,,2.29401,0.315696,,,,
GA000865,M,Abujmaria,ABM,SouthAsia,SAS,India,India,No,,2.37793,0.459872,,,,
GA000866,F,Abujmaria,ABM,SouthAsia,SAS,India,India,No,,2.13322,0.444247,,,,
GA000867,F,Agharia,AGH,SouthAsia,SAS,India,India,No,,1.84272,0.190696,,,,
GA000870,M,Bagdi,BAG,SouthAsia,SAS,India,India,No,,1.79773,0.387429,,,,
GA000871,F,Bagdi,BAG,SouthAsia,SAS,India,India,No,,1.96948,0.334872,,,,
GA000872,M,Bagdi,BAG,SouthAsia,SAS,India,India,No,,2.16608,0.231889,,,,
GA000873,F,Birhor,BIR,SouthAsia,SAS,India,India,No,,2.37833,0.31321,,,,
GA000874,M,Birhor,BIR,SouthAsia,SAS,India,India,No,Yes (GA000881),2.17625,0.315696,,,,
GA000875,M,Birhor,BIR,SouthAsia,SAS,India,India,No,Yes (GA000884),2.43466,0.334517,,,,
GA000876,M,Birhor,BIR,SouthAsia,SAS,India,India,No,,2.03423,0.380327,,,,
GA000877,U,Birhor,BIR,SouthAsia,SAS,India,India,No,,2.38595,0.387784,,,,
GA000878,F,Birhor,BIR,SouthAsia,SAS,India,India,No,,2.29988,0.372159,,,,
GA000879,F,Birhor,BIR,SouthAsia,SAS,India,India,No,Yes (GA000889),2.41764,0.355114,,,,
GA000880,F,Birhor,BIR,SouthAsia,SAS,India,India,No,,2.20677,0.290838,,,,
GA000881,M,Birhor,BIR,SouthAsia,SAS,India,India,No,,2.30516,0.235085,,,,
GA000882,F,Birhor,BIR,SouthAsia,SAS,India,India,No,,2.25509,0.330256,,,,
GA000883,M,Birhor,BIR,SouthAsia,SAS,India,India,No,"Yes (GA000884, GA000885)",2.21244,0.332386,,,,
GA000884,F,Birhor,BIR,SouthAsia,SAS,India,India,No,,2.30673,0.300426,,,,
GA000885,M,Birhor,BIR,SouthAsia,SAS,India,India,No,,2.23631,0.330966,,,,
GA000886,M,Birhor,BIR,SouthAsia,SAS,India,India,No,Yes (GA000887),2.27739,0.318182,,,,
GA000887,F,Birhor,BIR,SouthAsia,SAS,India,India,No,,2.31514,0.340554,,,,
GA000888,F,Birhor,BIR,SouthAsia,SAS,India,India,No,,2.2545,0.305398,,,,
GA000889,F,Birhor,BIR,SouthAsia,SAS,India,India,No,,2.25978,0.355824,,,,
GA000890,M,Birhor,BIR,SouthAsia,SAS,India,India,No,"Yes (GA000877, GA000892)",2.4466,0.282315,,,,
GA000891,M,Birhor,BIR,SouthAsia,SAS,India,India,No,,2.28893,0.345526,,,,
GA000892,M,Birhor,BIR,SouthAsia,SAS,India,India,No,,2.36835,0.24858,,,,
GA000893,F,BisonHornMaria,BHM,SouthAsia,SAS,India,India,No,,1.98239,0.387429,,,,
GA000896,F,BisonHornMaria,BHM,SouthAsia,SAS,India,India,No,,2.21049,0.430043,,,,
GA000897,M,BisonHornMaria,BHM,SouthAsia,SAS,India,India,No,,2.31631,0.348011,,,,
GA000899,F,BisonHornMaria,BHM,SouthAsia,SAS,India,India,No,,2.36346,0.358665,,,,
GA000900,M,BisonHornMaria,BHM,SouthAsia,SAS,India,India,No,,2.11776,0.40483,,,,
GA000901,M,HillKorwa,HKR,SouthAsia,SAS,India,India,No,,2.64085,0.307173,,,,
GA000902,F,HillKorwa,HKR,SouthAsia,SAS,India,India,No,,2.0714,0.367543,,,,
GA000903,M,HillKorwa,HKR,SouthAsia,SAS,India,India,No,,2.23885,0.364347,,,,
GA000904,F,HillKorwa,HKR,SouthAsia,SAS,India,India,No,,2.30673,0.339489,,,,
GA000905,F,HillKorwa,HKR,SouthAsia,SAS,India,India,No,,2.40473,0.336648,,,,
GA000906,F,HillKorwa,HKR,SouthAsia,SAS,India,India,No,,2.28638,0.290128,,,,
GA000907,M,HillKorwa,HKR,SouthAsia,SAS,India,India,No,,2.41608,0.457386,,,,
GA000908,M,HillKorwa,HKR,SouthAsia,SAS,India,India,No,,2.24394,0.256392,,,,
GA000909,F,HillKorwa,HKR,SouthAsia,SAS,India,India,No,,2.35348,0.392756,,,,
GA000910,M,HillKorwa,HKR,SouthAsia,SAS,India,India,No,,2.25939,0.504972,,,,
GA000912,F,Kamar,KAM,SouthAsia,SAS,India,India,No,,2.21146,0.349077,,,,
GA000913,M,Kamar,KAM,SouthAsia,SAS,India,India,No,Yes (GA000914),2.11248,0.384233,,,,
GA000914,M,Kamar,KAM,SouthAsia,SAS,India,India,No,,1.99433,0.510298,,,,
GA000915,M,Kamar,KAM,SouthAsia,SAS,India,India,No,,2.25587,0.273082,,,,
GA000916,M,Kamar,KAM,SouthAsia,SAS,India,India,No,,2.32199,0.443892,,,,
GA000917,F,Kamar,KAM,SouthAsia,SAS,India,India,No,,2.40591,0.433949,,,,
GA000918,F,Kamar,KAM,SouthAsia,SAS,India,India,No,,2.1919,0.375355,,,,
GA000919,M,Kamar,KAM,SouthAsia,SAS,India,India,No,,2.55047,0.389205,,,,
GA000920,F,Kamar,KAM,SouthAsia,SAS,India,India,No,,2.37891,0.378196,,,,
GA000921,M,Kamar,KAM,SouthAsia,SAS,India,India,No,,2.47242,0.228693,,,,
GA000922,U,Kamar,KAM,SouthAsia,SAS,India,India,No,,2.46498,0.410866,,,,
GA000923,F,Lodha,LOD,SouthAsia,SAS,India,India,No,,2.26565,0.393111,,,,
GA000924,M,Lodha,LOD,SouthAsia,SAS,India,India,No,,2.26937,0.279474,,,,
GA000925,M,Lodha,LOD,SouthAsia,SAS,India,India,No,,2.34624,0.275923,,,,
GA000926,F,Lodha,LOD,SouthAsia,SAS,India,India,No,,2.10661,0.333097,,,,
GA000927,F,Lodha,LOD,SouthAsia,SAS,India,India,No,,2.30888,0.42294,,,,
GA000928,F,Lodha,LOD,SouthAsia,SAS,India,India,No,,2.2946,0.381392,,,,
GA000929,M,Lodha,LOD,SouthAsia,SAS,India,India,No,,2.35055,0.276634,,,,
GA000930,M,Lodha,LOD,SouthAsia,SAS,India,India,No,,2.30301,0.344815,,,,
GA000931,M,Lodha,LOD,SouthAsia,SAS,India,India,No,,2.3484,0.361151,,,,
GA000932,M,Lodha,LOD,SouthAsia,SAS,India,India,No,,2.38126,0.234375,,,,
GA000933,F,Lodha,LOD,SouthAsia,SAS,India,India,No,,2.27523,0.294744,,,,
GA000934,M,Munda,MUN,SouthAsia,SAS,India,India,No,,2.45227,0.497514,,,,
GA000935,M,Munda,MUN,SouthAsia,SAS,India,India,No,,2.47203,0.274503,,,,
GA000936,F,Oraon,ORN,SouthAsia,SAS,India,India,No,,2.72966,0.331676,,,,
GA000937,F,Oraon,ORN,SouthAsia,SAS,India,India,No,,2.5804,0.298651,,,,
GA000938,F,Oraon,ORN,SouthAsia,SAS,India,India,No,,2.22555,0.371449,,,,
GA000939,F,Oraon,ORN,SouthAsia,SAS,India,India,No,,2.48181,0.479403,,,,
GA000940,F,Oraon,ORN,SouthAsia,SAS,India,India,No,,2.35231,0.524503,,,,
GA000941,F,Oraon,ORN,SouthAsia,SAS,India,India,No,,2.36483,0.380327,,,,
GA000942,F,Oraon,ORN,SouthAsia,SAS,India,India,No,,2.29675,0.325639,,,,
GA000943,F,Oraon,ORN,SouthAsia,SAS,India,India,No,,2.14652,0.236506,,,,
GA000944,F,Oraon,ORN,SouthAsia,SAS,India,India,No,,2.36385,0.34375,,,,
GA000945,F,Oraon,ORN,SouthAsia,SAS,India,India,No,,2.40063,0.28267,,,,
GA000946,F,Oraon,ORN,SouthAsia,SAS,India,India,No,,2.31005,0.333807,,,,
GA000947,F,Oraon,ORN,SouthAsia,SAS,India,India,No,,2.52719,0.285156,,,,
GA000948,F,Oraon,ORN,SouthAsia,SAS,India,India,No,,2.41608,0.280185,,,,
GA000949,M,Oraon,ORN,SouthAsia,SAS,India,India,No,,2.42977,0.392401,,,,
GA000950,M,Oraon,ORN,SouthAsia,SAS,India,India,No,,2.5002,0.253906,,,,
GA000951,F,Tanti,TNT,SouthAsia,SAS,India,India,No,,2.3437,0.323864,,,,
GA000952,M,WestbengalBrahmin,WBB,SouthAsia,SAS,India,India,No,,1.88009,0.0784801,,,,
GA000953,M,WestbengalBrahmin,WBB,SouthAsia,SAS,India,India,No,,2.11757,0.205256,,,,
GA000954,M,WestbengalBrahmin,WBB,SouthAsia,SAS,India,India,No,,2.09331,0.116832,,,,
GA000955,M,WestbengalBrahmin,WBB,SouthAsia,SAS,India,India,No,,1.72692,0.0649858,,,,
GA000956,M,WestbengalBrahmin,WBB,SouthAsia,SAS,India,India,No,,1.91491,0.219105,,,,
GA000957,M,WestbengalBrahmin,WBB,SouthAsia,SAS,India,India,No,,2.13732,0.128551,,,,
GA000958,M,WestbengalBrahmin,WBB,SouthAsia,SAS,India,India,No,,1.99746,0.191051,,,,
GA000959,M,WestbengalBrahmin,WBB,SouthAsia,SAS,India,India,No,,2.2365,0.180043,,,,
GA000960,M,WestbengalBrahmin,WBB,SouthAsia,SAS,India,India,No,,1.83392,0.142756,,,,
GA000961,M,WestbengalBrahmin,WBB,SouthAsia,SAS,India,India,No,,2.22418,0.21946,,,,
GA000963,F,Chamar,CHM,SouthAsia,SAS,India,India,No,,2.00646,0.256747,,,,
GA000964,M,Chamar,CHM,SouthAsia,SAS,India,India,No,,1.96851,0.248935,,,,
GA000965,M,Chamar,CHM,SouthAsia,SAS,India,India,No,,2.20853,0.269886,,,,
GA000966,M,Chamar,CHM,SouthAsia,SAS,India,India,No,,2.13263,0.244318,,,,
GA000967,M,Chamar,CHM,SouthAsia,SAS,India,India,No,,1.85955,0.238991,,,,
GA000968,M,Chamar,CHM,SouthAsia,SAS,India,India,No,,2.22946,0.248935,,,,
GA000969,F,Khatri,KHA,SouthAsia,SAS,India,India,No,,2.07336,0.198509,,,,
GA000970,F,Khatri,KHA,SouthAsia,SAS,India,India,No,,2.0761,0.074929,,,,
GA000971,M,Khatri,KHA,SouthAsia,SAS,India,India,No,,2.11092,0.119318,,,,
GA000972,F,Khatri,KHA,SouthAsia,SAS,India,India,No,,2.11659,0.131747,,,,
GA000973,M,Khatri,KHA,SouthAsia,SAS,India,India,No,,2.02034,0.127486,,,,
GA000974,M,Khatri,KHA,SouthAsia,SAS,India,India,No,,1.9552,0.236506,,,,
GA000975,F,Khatri,KHA,SouthAsia,SAS,India,India,No,,2.15689,0.14169,,,,
GA000976,M,Khatri,KHA,SouthAsia,SAS,India,India,No,,2.05536,0.100852,,,,
GA000977,F,Khatri,KHA,SouthAsia,SAS,India,India,No,,2.29734,0.0891335,,,,
GA000978,F,Khatri,KHA,SouthAsia,SAS,India,India,No,,1.92919,0.153764,,,,
GA000979,M,Khatri,KHA,SouthAsia,SAS,India,India,No,,2.29793,0.143821,,,,
GA000980,F,SaryupariBrahmin,SRB,SouthAsia,SAS,India,India,No,,2.19503,0.186435,,,,
GA000981,F,SaryupariBrahmin,SRB,SouthAsia,SAS,India,India,No,,1.92782,0.145952,,,,
GA000982,M,SaryupariBrahmin,SRB,SouthAsia,SAS,India,India,No,,1.85857,0.131037,,,,
GA000983,M,SaryupariBrahmin,SRB,SouthAsia,SAS,India,India,No,,2.23396,0.268821,,,,
GA000984,F,SaryupariBrahmin,SRB,SouthAsia,SAS,India,India,No,,1.9151,0.0465199,,,,
GA000985,M,SaryupariBrahmin,SRB,SouthAsia,SAS,India,India,No,,2.07121,0.224077,,,,
GA000986,M,SaryupariBrahmin,SRB,SouthAsia,SAS,India,India,No,,2.01624,0.193182,,,,
GA000987,F,SaryupariBrahmin,SRB,SouthAsia,SAS,India,India,No,,1.90708,0.144531,,,,
GA000988,F,SaryupariBrahmin,SRB,SouthAsia,SAS,India,India,No,,1.99354,0.203835,,,,
GA000989,F,SaryupariBrahmin,SRB,SouthAsia,SAS,India,India,No,,2.27308,0.298295,,,,
GA000990,M,SaryupariBrahmin,SRB,SouthAsia,SAS,India,India,No,,2.17254,0.122869,,,,
GA000991,M,SaryupariBrahmin,SRB,SouthAsia,SAS,India,India,No,Yes (GA000992),1.90297,0.123935,,,,
GA000992,F,SaryupariBrahmin,SRB,SouthAsia,SAS,India,India,No,,1.9779,0.28054,,,,
GA000993,F,SaryupariBrahmin,SRB,SouthAsia,SAS,India,India,No,,2.17899,0.135298,,,,
GA000994,M,Chakma,CHK,SouthAsia,SAS,India,India,No,,2.28032,0.217685,,,,
GA000995,M,Chakma,CHK,SouthAsia,SAS,India,India,No,,2.47242,0.328835,,,,
GA000996,M,Chakma,CHK,SouthAsia,SAS,India,India,No,,2.51956,0.280895,,,,
GA000997,M,Chakma,CHK,SouthAsia,SAS,India,India,No,,2.55692,0.149503,,,,
GA000998,M,Chakma,CHK,SouthAsia,SAS,India,India,No,,2.55595,0.263849,,,,
GA000999,M,Chakma,CHK,SouthAsia,SAS,India,India,No,,2.43721,0.427202,,,,
GA001000,F,Chakma,CHK,SouthAsia,SAS,India,India,No,,2.4511,0.247869,,,,
GA001001,M,Chakma,CHK,SouthAsia,SAS,India,India,No,,2.31612,0.272727,,,,
GA001002,M,Chakma,CHK,SouthAsia,SAS,India,India,No,,2.65513,0.275923,,,,
GA001003,F,Chakma,CHK,SouthAsia,SAS,India,India,No,,2.49276,0.283736,,,,
GA001004,F,Chakma,CHK,SouthAsia,SAS,India,India,No,,2.40004,0.223011,,,,
GA001005,F,Jamatia,JAM,SouthAsia,SAS,India,India,No,,2.60955,0.194602,,,,
GA001006,M,Jamatia,JAM,SouthAsia,SAS,India,India,No,,2.49022,0.306108,,,,
GA001007,M,Jamatia,JAM,SouthAsia,SAS,India,India,No,,2.34527,0.17223,,,,
GA001008,F,Jamatia,JAM,SouthAsia,SAS,India,India,No,,2.48415,0.294744,,,,
GA001009,M,Jamatia,JAM,SouthAsia,SAS,India,India,No,,2.45383,0.366832,,,,
GA001010,F,Jamatia,JAM,SouthAsia,SAS,India,India,No,,2.47164,0.323153,,,,
GA001011,F,Jamatia,JAM,SouthAsia,SAS,India,India,No,,2.3975,0.230114,,,,
GA001012,F,Jamatia,JAM,SouthAsia,SAS,India,India,No,,2.37656,0.199219,,,,
GA001013,M,Jamatia,JAM,SouthAsia,SAS,India,India,No,,2.51174,0.310014,,,,
GA001014,F,Manipuri,MNP,SouthAsia,SAS,India,India,No,,1.97731,0.286577,,,,
GA001016,M,Manipuri,MNP,SouthAsia,SAS,India,India,No,,1.93779,0.209872,,,,
GA001017,M,Manipuri,MNP,SouthAsia,SAS,India,India,No,,2.18427,0.146662,,,,
GA001018,M,Manipuri,MNP,SouthAsia,SAS,India,India,No,,1.97574,0.12429,,,,
GA001019,M,Manipuri,MNP,SouthAsia,SAS,India,India,No,,2.5892,0.275568,,,,
GA001020,M,Mog,MOG,SouthAsia,SAS,India,India,No,,2.43838,0.294034,,,,
GA001021,F,Mog,MOG,SouthAsia,SAS,India,India,No,Yes (GA001023),2.55516,0.283381,,,,
GA001022,M,Mog,MOG,SouthAsia,SAS,India,India,No,,2.29734,0.298295,,,,
GA001023,F,Mog,MOG,SouthAsia,SAS,India,India,No,,2.43936,0.318892,,,,
GA001024,M,Mog,MOG,SouthAsia,SAS,India,India,No,,2.58998,0.386719,,,,
GA001025,F,Mog,MOG,SouthAsia,SAS,India,India,No,,2.52171,0.272372,,,,
GA001026,F,Mog,MOG,SouthAsia,SAS,India,India,No,,2.56358,0.277344,,,,
GA001027,M,Mog,MOG,SouthAsia,SAS,India,India,No,,2.33881,0.21946,,,,
GA001028,F,Mog,MOG,SouthAsia,SAS,India,India,No,,2.55986,0.26598,,,,
GA001029,F,Mog,MOG,SouthAsia,SAS,India,India,No,,2.44464,0.397372,,,,
GA001030,F,Mog,MOG,SouthAsia,SAS,India,India,No,,2.46557,0.29652,,,,
GA001031,M,Mog,MOG,SouthAsia,SAS,India,India,No,,2.54304,0.236506,,,,
GA001032,M,Mog,MOG,SouthAsia,SAS,India,India,No,,2.36287,0.242188,,,,
GA001033,M,Mog,MOG,SouthAsia,SAS,India,India,No,Yes (GA001037),2.43936,0.267045,,,,
GA001034,F,Mog,MOG,SouthAsia,SAS,India,India,No,,2.55595,0.26527,,,,
GA001035,M,Mog,MOG,SouthAsia,SAS,India,India,No,,2.60798,0.316761,,,,
GA001037,M,Mog,MOG,SouthAsia,SAS,India,India,No,,2.42703,0.221946,,,,
GA001038,M,Mog,MOG,SouthAsia,SAS,India,India,No,,2.2989,0.303622,,,,
GA001039,F,Mog,MOG,SouthAsia,SAS,India,India,No,,2.36933,0.153409,,,,
GA001040,M,Mog,MOG,SouthAsia,SAS,India,India,No,,2.44836,0.34375,,,,
GA001041,M,Toto,TTO,SouthAsia,SAS,India,India,No,"Yes (GA001043, GA001044)",2.30536,0.262074,,,,
GA001042,F,Toto,TTO,SouthAsia,SAS,India,India,No,,2.16549,0.292259,,,,
GA001043,F,Toto,TTO,SouthAsia,SAS,India,India,No,"Yes (GA001041, GA001044)",2.2322,0.21733,,,,
GA001044,M,Toto,TTO,SouthAsia,SAS,India,India,No,,2.30829,0.333097,,,,
GA001045,M,Toto,TTO,SouthAsia,SAS,India,India,No,Yes (GA001046),2.42254,0.37358,,,,
GA001046,M,Toto,TTO,SouthAsia,SAS,India,India,No,,2.61718,0.348366,,,,
GA001047,M,Toto,TTO,SouthAsia,SAS,India,India,No,,2.36228,0.245384,,,,
GA001048,F,Toto,TTO,SouthAsia,SAS,India,India,No,,2.50411,0.256037,,,,
GA001049,M,Toto,TTO,SouthAsia,SAS,India,India,No,,2.5716,0.341974,,,,
GA001050,F,Toto,TTO,SouthAsia,SAS,India,India,No,,2.5984,0.332386,,,,
GA001051,M,Toto,TTO,SouthAsia,SAS,India,India,No,,2.47829,0.191051,,,,
GA001052,M,Gaud,GAU,SouthAsia,SAS,India,India,No,Yes (GA001053),2.23455,0.202415,,,,
GA001053,F,Gaud,GAU,SouthAsia,SAS,India,India,No,,2.25,0.18892,,,,
GA001054,M,Gaud,GAU,SouthAsia,SAS,India,India,No,,2.27856,0.399503,,,,
GA001055,F,Gaud,GAU,SouthAsia,SAS,India,India,No,"Yes (GA001056, GA001057, GA001058)",2.16784,0.277699,,,,
GA001056,F,Gaud,GAU,SouthAsia,SAS,India,India,No,"Yes (GA001055, GA001057, GA001058)",2.05399,0.231889,,,,
GA001057,M,Gaud,GAU,SouthAsia,SAS,India,India,No,"Yes (GA001055, GA001056, GA001058)",2.16393,0.216264,,,,
GA001058,F,Gaud,GAU,SouthAsia,SAS,India,India,No,,2.08588,0.286222,,,,
GA001059,F,Gaud,GAU,SouthAsia,SAS,India,India,No,Yes (GA001060),2.46772,0.359375,,,,
GA001060,U,Gaud,GAU,SouthAsia,SAS,India,India,No,,2.39358,0.366122,,,,
GA001061,M,Halba,HLB,SouthAsia,SAS,India,India,No,,2.30106,0.410156,,,,
GA001062,M,RanaTharu,RTH,SouthAsia,SAS,India,India,No,,2.65865,0.337713,,,,
GA001063,M,RanaTharu,RTH,SouthAsia,SAS,India,India,No,,2.49765,0.290838,,,,
GA001064,M,RanaTharu,RTH,SouthAsia,SAS,India,India,No,,2.5849,0.317472,,,,
GA001065,M,RanaTharu,RTH,SouthAsia,SAS,India,India,No,,2.48083,0.257457,,,,
GA001066,F,RanaTharu,RTH,SouthAsia,SAS,India,India,No,,2.28462,0.316761,,,,
GA001067,F,RanaTharu,RTH,SouthAsia,SAS,India,India,No,,2.5221,0.275568,,,,
GA001068,M,RanaTharu,RTH,SouthAsia,SAS,India,India,No,,2.25274,0.221591,,,,
GA001069,M,RanaTharu,RTH,SouthAsia,SAS,India,India,No,,2.5534,0.34446,,,,
GA001070,F,RanaTharu,RTH,SouthAsia,SAS,India,India,No,,2.40473,0.20348,,,,
GA001071,M,RanaTharu,RTH,SouthAsia,SAS,India,India,No,,2.4775,0.292614,,,,
GA001072,F,RanaTharu,RTH,SouthAsia,SAS,India,India,No,,2.71185,0.381037,,,,
GA001073,F,RanaTharu,RTH,SouthAsia,SAS,India,India,No,,2.40904,0.321733,,,,
GA001074,M,Chanchu,CHN,SouthAsia,SAS,India,India,No,Yes (GA001080),2.11092,0.297585,,,,
GA001075,F,Chanchu,CHN,SouthAsia,SAS,India,India,No,,2.19933,0.317116,,,,
GA001076,F,Chanchu,CHN,SouthAsia,SAS,India,India,No,,2.33118,0.28267,,,,
GA001077,F,Chanchu,CHN,SouthAsia,SAS,India,India,No,,2.04636,0.195312,,,,
GA001078,F,Chanchu,CHN,SouthAsia,SAS,India,India,No,,1.98944,0.206321,,,,
GA001079,F,Chanchu,CHN,SouthAsia,SAS,India,India,No,,2.20129,0.275923,,,,
GA001080,F,Chanchu,CHN,SouthAsia,SAS,India,India,No,,2.17821,0.245384,,,,
GA001081,M,Chanchu,CHN,SouthAsia,SAS,India,India,No,,2.33725,0.266335,,,,
GA001082,M,Iyangar,IYA,SouthAsia,SAS,India,India,No,,2.30262,0.31321,,,,
GA001083,M,Iyangar,IYA,SouthAsia,SAS,India,India,No,,2.14671,0.205966,,,,
GA001085,M,Iyangar,IYA,SouthAsia,SAS,India,India,No,,1.96459,0.167259,,,,
GA001086,M,Iyangar,IYA,SouthAsia,SAS,India,India,No,,2.08216,0.245739,,,,
GA001087,M,Iyangar,IYA,SouthAsia,SAS,India,India,No,,1.88009,0.214489,,,,
GA001088,F,Iyangar,IYA,SouthAsia,SAS,India,India,No,,2.18779,0.196023,,,,
GA001089,M,Iyer,IYE,SouthAsia,SAS,India,India,No,,2.22066,0.198864,,,,
GA001090,M,Iyer,IYE,SouthAsia,SAS,India,India,No,,2.07257,0.257457,,,,
GA001091,F,Iyer,IYE,SouthAsia,SAS,India,India,No,,2.00391,0.126065,,,,
GA001092,F,Iyer,IYE,SouthAsia,SAS,India,India,No,,2.17097,0.3125,,,,
GA001093,M,Iyer,IYE,SouthAsia,SAS,India,India,No,,2.26995,0.224077,,,,
GA001094,U,Iyer,IYE,SouthAsia,SAS,India,India,No,,2.19797,0.191761,,,,
GA001095,M,Iyer,IYE,SouthAsia,SAS,India,India,No,,2.13478,0.258523,,,,
GA001096,M,Iyer,IYE,SouthAsia,SAS,India,India,No,,2.13987,0.197088,,,,
GA001097,F,Iyer,IYE,SouthAsia,SAS,India,India,No,,2.19875,0.190696,,,,
GA001098,M,Iyer,IYE,SouthAsia,SAS,India,India,No,,2.19327,0.207741,,,,
GA001099,F,Iyer,IYE,SouthAsia,SAS,India,India,No,,2.09781,0.163707,,,,
GA001100,U,Iyer,IYE,SouthAsia,SAS,India,India,No,,2.17958,0.190341,,,,
GA001101,F,Iyer,IYE,SouthAsia,SAS,India,India,No,,1.94229,0.270241,,,,
GA001102,F,KayaDora,KYD,SouthAsia,SAS,India,India,No,,2.06064,0.439631,,,,
GA001103,F,KayaDora,KYD,SouthAsia,SAS,India,India,No,,2.0982,0.354048,,,,
GA001104,M,KayaDora,KYD,SouthAsia,SAS,India,India,No,,2.08333,0.312855,,,,
GA001105,F,KayaDora,KYD,SouthAsia,SAS,India,India,No,,2.35113,0.379616,,,,
GA001106,F,KayaDora,KYD,SouthAsia,SAS,India,India,No,,2.23103,0.39027,,,,
GA001107,M,KayaDora,KYD,SouthAsia,SAS,India,India,No,,1.98181,0.252131,,,,
GA001108,M,KayaDora,KYD,SouthAsia,SAS,India,India,No,,2.01154,0.252131,,,,
GA001109,M,KayaDora,KYD,SouthAsia,SAS,India,India,No,,1.91647,0.197443,,,,
GA001110,M,KayaDora,KYD,SouthAsia,SAS,India,India,No,,2.02308,0.329545,,,,
GA001111,M,KayaDora,KYD,SouthAsia,SAS,India,India,No,,2.14593,0.322088,,,,
GA001112,F,KayaDora,KYD,SouthAsia,SAS,India,India,No,,2.29988,0.487926,,,,
GA001113,M,KondaReddy,KNR,SouthAsia,SAS,India,India,No,Yes (GA001122),2.31416,0.309659,,,,
GA001114,M,KondaReddy,KNR,SouthAsia,SAS,India,India,No,,2.42606,0.388139,,,,
GA001115,F,KondaReddy,KNR,SouthAsia,SAS,India,India,No,,2.24707,0.324929,,,,
GA001116,M,KondaReddy,KNR,SouthAsia,SAS,India,India,No,,2.41197,0.373935,,,,
GA001117,M,KondaReddy,KNR,SouthAsia,SAS,India,India,No,,2.36718,0.423651,,,,
GA001118,M,KondaReddy,KNR,SouthAsia,SAS,India,India,No,,2.2189,0.398793,,,,
GA001119,M,KondaReddy,KNR,SouthAsia,SAS,India,India,No,,2.35426,0.409446,,,,
GA001120,F,KondaReddy,KNR,SouthAsia,SAS,India,India,No,,1.5802,0.20348,,,,
GA001121,M,KondaReddy,KNR,SouthAsia,SAS,India,India,No,,2.41041,0.368963,,,,
GA001122,F,KondaReddy,KNR,SouthAsia,SAS,India,India,No,,2.34977,0.280895,,,,
GA001123,F,KondaReddy,KNR,SouthAsia,SAS,India,India,No,,2.40356,0.349077,,,,
GA001124,M,KondaReddy,KNR,SouthAsia,SAS,India,India,No,,2.31416,0.39098,,,,
GA001125,M,KondaReddy,KNR,SouthAsia,SAS,India,India,No,Yes (GA001129),2.32825,0.368253,,,,
GA001126,M,KondaReddy,KNR,SouthAsia,SAS,India,India,No,,2.42449,0.296875,,,,
GA001127,M,KondaReddy,KNR,SouthAsia,SAS,India,India,No,,2.42625,0.445312,,,,
GA001128,M,KondaReddy,KNR,SouthAsia,SAS,India,India,No,,2.31142,0.419034,,,,
GA001129,M,KondaReddy,KNR,SouthAsia,SAS,India,India,No,,2.4243,0.34517,,,,
GA001130,M,Lambada,LAM,SouthAsia,SAS,India,India,No,,2.25822,0.164062,,,,
GA001131,M,Lambada,LAM,SouthAsia,SAS,India,India,No,"Yes (GA001141, GA001145)",1.99687,0.180043,,,,
GA001132,F,Lambada,LAM,SouthAsia,SAS,India,India,No,,2.09116,0.224432,,,,
GA001133,F,Lambada,LAM,SouthAsia,SAS,India,India,No,,2.13243,0.235085,,,,
GA001134,M,Lambada,LAM,SouthAsia,SAS,India,India,No,,2.16334,0.189276,,,,
GA001135,F,Lambada,LAM,SouthAsia,SAS,India,India,No,Yes (GA001146),2.04499,0.165838,,,,
GA001136,M,Lambada,LAM,SouthAsia,SAS,India,India,No,,2.12402,0.215909,,,,
GA001137,F,Lambada,LAM,SouthAsia,SAS,India,India,No,,2.15102,0.259943,,,,
GA001138,F,Lambada,LAM,SouthAsia,SAS,India,India,No,Yes (GA001140),2.20716,0.283736,,,,
GA001139,M,Lambada,LAM,SouthAsia,SAS,India,India,No,,2.16686,0.324219,,,,
GA001140,F,Lambada,LAM,SouthAsia,SAS,India,India,No,,2.09409,0.277699,,,,
GA001141,F,Lambada,LAM,SouthAsia,SAS,India,India,No,Yes (GA001145),2.10779,0.15767,,,,
GA001142,F,Lambada,LAM,SouthAsia,SAS,India,India,No,Yes (GA001144),2.14534,0.248224,,,,
GA001143,M,Lambada,LAM,SouthAsia,SAS,India,India,No,,1.95168,0.258878,,,,
GA001144,F,Lambada,LAM,SouthAsia,SAS,India,India,No,,2.06749,0.213778,,,,
GA001145,F,Lambada,LAM,SouthAsia,SAS,India,India,No,,1.90826,0.165838,,,,
GA001146,F,Lambada,LAM,SouthAsia,SAS,India,India,No,,1.96166,0.165483,,,,
GA001147,M,Paniya,PNY,SouthAsia,SAS,India,India,No,,2.19953,0.291903,,,,
GA001148,M,Paniya,PNY,SouthAsia,SAS,India,India,No,,2.0757,0.32919,,,,
GA001149,M,Paniya,PNY,SouthAsia,SAS,India,India,No,,2.44836,0.502131,,,,
GA001150,M,Paniya,PNY,SouthAsia,SAS,India,India,No,,2.31142,0.371804,,,,
GA001151,M,Paniya,PNY,SouthAsia,SAS,India,India,No,,2.42156,0.355469,,,,
GA001152,M,Paniya,PNY,SouthAsia,SAS,India,India,No,,2.11502,0.319247,,,,
GA001154,M,Paniya,PNY,SouthAsia,SAS,India,India,No,,2.27504,0.321023,,,,
GA001155,M,Paniya,PNY,SouthAsia,SAS,India,India,No,,2.26565,0.266335,,,,
GA001156,M,Paniya,PNY,SouthAsia,SAS,India,India,No,,2.10583,0.32777,,,,
GA001157,M,Paniya,PNY,SouthAsia,SAS,India,India,No,,2.52054,0.369318,,,,
GA001158,M,Paniya,PNY,SouthAsia,SAS,India,India,No,,2.29362,0.261364,,,,
GA001159,F,Toda,TOD,SouthAsia,SAS,India,India,No,,1.97124,0.261364,,,,
GA001160,F,Toda,TOD,SouthAsia,SAS,India,India,No,,1.96146,0.228338,,,,
GA001161,F,Toda,TOD,SouthAsia,SAS,India,India,No,,2.26526,0.331321,,,,
GA001162,F,Toda,TOD,SouthAsia,SAS,India,India,No,,2.27387,0.257812,,,,
GA001163,M,Toda,TOD,SouthAsia,SAS,India,India,No,,2.14867,0.363636,,,,
GA001164,F,Toda,TOD,SouthAsia,SAS,India,India,No,,2.17625,0.230824,,,,
GA001165,F,Toda,TOD,SouthAsia,SAS,India,India,No,"Yes (GA001171, GA001175)",1.81025,0.225497,,,,
GA001166,F,Toda,TOD,SouthAsia,SAS,India,India,No,,1.92801,0.213423,,,,
GA001167,F,Toda,TOD,SouthAsia,SAS,India,India,No,,2.01897,0.319602,,,,
GA001168,F,Toda,TOD,SouthAsia,SAS,India,India,No,,2.37422,0.151989,,,,
GA001169,M,Toda,TOD,SouthAsia,SAS,India,India,No,,2.05634,0.225497,,,,
GA001170,F,Toda,TOD,SouthAsia,SAS,India,India,No,,2.09448,0.17223,,,,
GA001171,F,Toda,TOD,SouthAsia,SAS,India,India,No,,2.01095,0.20206,,,,
GA001172,F,Toda,TOD,SouthAsia,SAS,India,India,No,,2.21244,0.239347,,,,
GA001173,M,Toda,TOD,SouthAsia,SAS,India,India,No,,2.30888,0.239347,,,,
GA001174,F,Toda,TOD,SouthAsia,SAS,India,India,No,,2.18936,0.237571,,,,
GA001175,F,Toda,TOD,SouthAsia,SAS,India,India,No,,1.84468,0.173295,,,,
GA001176,F,Toda,TOD,SouthAsia,SAS,India,India,No,,2.09722,0.27983,,,,
GA001177,F,Toda,TOD,SouthAsia,SAS,India,India,No,,2.20912,0.191051,,,,
GA001178,F,Toda,TOD,SouthAsia,SAS,India,India,No,,2.21401,0.151989,,,,
GA001179,F,Kota,KTA,SouthAsia,SAS,India,India,No,,2.10837,0.28054,,,,
GA001180,F,Kota,KTA,SouthAsia,SAS,India,India,No,,2.04206,0.285156,,,,
GA001181,M,Kota,KTA,SouthAsia,SAS,India,India,No,,2.41823,0.448153,,,,
GA001182,F,Kota,KTA,SouthAsia,SAS,India,India,No,,2.32218,0.410511,,,,
GA001183,F,Kota,KTA,SouthAsia,SAS,India,India,No,,2.3214,0.48473,,,,
GA001184,M,Kota,KTA,SouthAsia,SAS,India,India,No,,2.1786,0.242543,,,,
GA001186,F,Kota,KTA,SouthAsia,SAS,India,India,No,,1.94914,0.183949,,,,
GA001187,F,Kota,KTA,SouthAsia,SAS,India,India,No,,2.25215,0.306463,,,,
GA001188,M,Halba,HLB,SouthAsia,SAS,India,India,No,,2.23944,0.503196,,,,
GA001189,M,Halba,HLB,SouthAsia,SAS,India,India,No,,2.1784,0.36044,,,,
GA001190,F,Halba,HLB,SouthAsia,SAS,India,India,No,,2.42117,0.316406,,,,
GA001191,F,Halba,HLB,SouthAsia,SAS,India,India,No,,2.12128,0.31392,,,,
GA001192,M,Halba,HLB,SouthAsia,SAS,India,India,No,,2.19797,0.382457,,,,
GA001193,F,Mahar,MHR,SouthAsia,SAS,India,India,No,,2.0669,0.256747,,,,
GA001195,M,Mahar,MHR,SouthAsia,SAS,India,India,No,,2.47848,0.164062,,,,
GA001196,M,Mahar,MHR,SouthAsia,SAS,India,India,No,,2.14632,0.209162,,,,
GA001197,M,Mahar,MHR,SouthAsia,SAS,India,India,No,,2.29714,0.219105,,,,
GA001198,M,Mahar,MHR,SouthAsia,SAS,India,India,No,,2.29754,0.274503,,,,
GA001199,M,Mahar,MHR,SouthAsia,SAS,India,India,No,,2.45912,0.289062,,,,
GA001200,M,Mahar,MHR,SouthAsia,SAS,India,India,No,,2.18232,0.261364,,,,
GA001201,M,Mahar,MHR,SouthAsia,SAS,India,India,No,,2.08392,0.276278,,,,
GA001202,F,Mahar,MHR,SouthAsia,SAS,India,India,No,,2.03208,0.177912,,,,
GA001203,F,Mahar,MHR,SouthAsia,SAS,India,India,No,,2.17058,0.267756,,,,
GA001204,M,Mahar,MHR,SouthAsia,SAS,India,India,No,,2.44855,0.276989,,,,
GA001205,M,Mahar,MHR,SouthAsia,SAS,India,India,No,,1.9552,0.285866,,,,
GA001206,F,Mahar,MHR,SouthAsia,SAS,India,India,No,,2.11248,0.242898,,,,
GA001207,F,Mahar,MHR,SouthAsia,SAS,India,India,No,,1.93642,0.228338,,,,
GA001208,F,Mahar,MHR,SouthAsia,SAS,India,India,No,,2.00059,0.278764,,,,
GA001209,M,Mahar,MHR,SouthAsia,SAS,India,India,No,,2.37872,0.31392,,,,
GA001210,F,Mahar,MHR,SouthAsia,SAS,India,India,No,,2.08588,0.206676,,,,
GA001211,M,Mahar,MHR,SouthAsia,SAS,India,India,No,,2.40532,0.302202,,,,
GA001212,M,Mahar,MHR,SouthAsia,SAS,India,India,No,,1.97437,0.255327,,,,
GA001214,F,Nababuddha,NAB,SouthAsia,SAS,India,India,No,,2.3928,0.189631,,,,
GA001215,F,Nababuddha,NAB,SouthAsia,SAS,India,India,No,,2.09937,0.341264,,,,
GA001217,F,Nababuddha,NAB,SouthAsia,SAS,India,India,No,,2.23924,0.322088,,,,
GA001218,F,Nababuddha,NAB,SouthAsia,SAS,India,India,No,,2.12246,0.259588,,,,
GA001219,F,SourasthraBrahmin,SOB,SouthAsia,SAS,India,India,No,,1.77034,0.178977,,,,
GA001220,F,SourasthraBrahmin,SOB,SouthAsia,SAS,India,India,No,,1.7189,0.104403,,,,
GA001221,F,SourasthraBrahmin,SOB,SouthAsia,SAS,India,India,No,,2.00861,0.213068,,,,
GA001222,F,SourasthraBrahmin,SOB,SouthAsia,SAS,India,India,No,,1.92547,0.169389,,,,
GA001223,F,SourasthraBrahmin,SOB,SouthAsia,SAS,India,India,No,,2.15004,0.104048,,,,
GA001224,M,SourasthraBrahmin,SOB,SouthAsia,SAS,India,India,No,,2.12578,0.170455,,,,
GA001225,M,SourasthraBrahmin,SOB,SouthAsia,SAS,India,India,No,,1.80262,0.181108,,,,
GA001227,M,SourasthraBrahmin,SOB,SouthAsia,SAS,India,India,No,,1.91412,0.185014,,,,
GA001228,M,SourasthraBrahmin,SOB,SouthAsia,SAS,India,India,No,,2.21694,0.200639,,,,
GA001229,M,UrbanChennai,MAA,SouthAsia,SAS,India,India,No,,2.12285,0.223011,,,,
GA001230,M,UrbanChennai,MAA,SouthAsia,SAS,India,India,No,,2.0939,0.281605,,,,
GA001231,M,UrbanChennai,MAA,SouthAsia,SAS,India,India,No,,2.04519,0.116122,,,,
GA001232,F,UrbanChennai,MAA,SouthAsia,SAS,India,India,No,,2.19953,0.29794,,,,
GA001234,M,UrbanChennai,MAA,SouthAsia,SAS,India,India,No,,2.25978,0.238281,,,,
GA001240,F,UrbanChennai,MAA,SouthAsia,SAS,India,India,No,,2.28032,0.177557,,,,
GA001241,M,UrbanChennai,MAA,SouthAsia,SAS,India,India,No,,1.93564,0.231534,,,,
GA001242,M,UrbanChennai,MAA,SouthAsia,SAS,India,India,No,,2.09331,0.231889,,,,
GA001243,M,UrbanChennai,MAA,SouthAsia,SAS,India,India,No,,2.12598,0.206676,,,,
GA001244,M,UrbanChennai,MAA,SouthAsia,SAS,India,India,No,,2.08842,0.26527,,,,
GA001245,F,UrbanChennai,MAA,SouthAsia,SAS,India,India,No,,2.07942,0.24858,,,,
GA001246,M,UrbanChennai,MAA,SouthAsia,SAS,India,India,No,,2.08177,0.176847,,,,
GA001247,M,UrbanChennai,MAA,SouthAsia,SAS,India,India,No,,2.06827,0.119673,,,,
GA001248,M,UrbanChennai,MAA,SouthAsia,SAS,India,India,No,,2.19875,0.23473,,,,
GA001251,M,UrbanChennai,MAA,SouthAsia,SAS,India,India,No,,2.08001,0.199219,,,,
GA001252,F,UrbanChennai,MAA,SouthAsia,SAS,India,India,No,,1.94425,0.175426,,,,
GA001253,M,UrbanChennai,MAA,SouthAsia,SAS,India,India,No,,2.10172,0.306818,,,,
GA001254,F,UrbanChennai,MAA,SouthAsia,SAS,India,India,No,,2.16725,0.198153,,,,
GA001256,F,UrbanChennai,MAA,SouthAsia,SAS,India,India,No,,2.04656,0.139205,,,,
GA001257,M,UrbanChennai,MAA,SouthAsia,SAS,India,India,No,,1.86952,0.235795,,,,
GA001258,M,UrbanChennai,MAA,SouthAsia,SAS,India,India,No,,1.98826,0.198153,,,,
GA001259,M,UrbanChennai,MAA,SouthAsia,SAS,India,India,No,,2.33783,0.226562,,,,
GA001260,M,UrbanChennai,MAA,SouthAsia,SAS,India,India,No,,2.11483,0.250355,,,,
GA001262,M,UrbanChennai,MAA,SouthAsia,SAS,India,India,No,,2.16999,0.314986,,,,
GA001263,M,UrbanChennai,MAA,SouthAsia,SAS,India,India,No,,2.37872,0.28125,,,,
GA001264,M,UrbanChennai,MAA,SouthAsia,SAS,India,India,No,,2.41706,0.272727,,,,
GA001265,F,UrbanChennai,MAA,SouthAsia,SAS,India,India,No,,2.06338,0.302912,,,,
GA001266,M,UrbanChennai,MAA,SouthAsia,SAS,India,India,No,,2.241,0.272372,,,,
GA001267,M,UrbanChennai,MAA,SouthAsia,SAS,India,India,No,,2.04988,0.171165,,,,
GA001268,M,UrbanChennai,MAA,SouthAsia,SAS,India,India,No,,2.2901,0.169034,,,,
GA001269,F,UrbanChennai,MAA,SouthAsia,SAS,India,India,No,,2.19092,0.372869,,,,
GA001271,F,UrbanChennai,MAA,SouthAsia,SAS,India,India,No,,2.15023,0.224432,,,,
GA001272,F,UrbanChennai,MAA,SouthAsia,SAS,India,India,No,,2.17938,0.267756,,,,
GA001273,M,UrbanChennai,MAA,SouthAsia,SAS,India,India,No,,2.22496,0.256392,,,,
GA001274,F,UrbanBangalore,BLR,SouthAsia,SAS,India,India,No,,2.10642,0.173651,,,,
GA001275,M,UrbanBangalore,BLR,SouthAsia,SAS,India,India,No,,2.18212,0.229403,,,,
GA001276,M,UrbanBangalore,BLR,SouthAsia,SAS,India,India,No,,2.02034,0.306463,,,,
GA001277,M,UrbanBangalore,BLR,SouthAsia,SAS,India,India,No,,2.09135,0.256392,,,,
GA001278,F,UrbanBangalore,BLR,SouthAsia,SAS,India,India,No,,2.07081,0.225852,,,,
GA001279,M,UrbanBangalore,BLR,SouthAsia,SAS,India,India,No,,2.3126,0.238991,,,,
GA001280,M,UrbanBangalore,BLR,SouthAsia,SAS,India,India,No,,1.94484,0.232955,,,,
GA001281,M,UrbanBangalore,BLR,SouthAsia,SAS,India,India,No,,2.27895,0.208097,,,,
GA001282,F,UrbanBangalore,BLR,SouthAsia,SAS,India,India,No,,2.22359,0.252841,,,,
GA001284,F,UrbanBangalore,BLR,SouthAsia,SAS,India,India,No,,2.05829,0.169744,,,,
GA001285,M,UrbanBangalore,BLR,SouthAsia,SAS,India,India,No,,2.05927,0.132812,,,,
GA001286,F,UrbanBangalore,BLR,SouthAsia,SAS,India,India,No,,2.16764,0.229403,,,,
GA001287,M,UrbanBangalore,BLR,SouthAsia,SAS,India,India,No,,2.18349,0.375,,,,
GA001288,M,UrbanBangalore,BLR,SouthAsia,SAS,India,India,No,,1.96381,0.154119,,,,
GA001289,M,UrbanBangalore,BLR,SouthAsia,SAS,India,India,No,,2.39358,0.333807,,,,
GA001292,F,UrbanBangalore,BLR,SouthAsia,SAS,India,India,No,,1.90043,0.116477,,,,
GA001295,F,UrbanBangalore,BLR,SouthAsia,SAS,India,India,No,,2.24061,0.21946,,,,
GA001296,M,UrbanBangalore,BLR,SouthAsia,SAS,India,India,No,,2.20657,0.249645,,,,
GA001298,M,UrbanBangalore,BLR,SouthAsia,SAS,India,India,No,,2.15982,0.303977,,,,
GA001299,M,UrbanBangalore,BLR,SouthAsia,SAS,India,India,No,,2.10837,0.210582,,,,
GA001305,M,UrbanBangalore,BLR,SouthAsia,SAS,India,India,No,,2.0804,0.221946,,,,
GA001307,M,UrbanBangalore,BLR,SouthAsia,SAS,India,India,No,,2.04343,0.261719,,,,
GA001308,M,UrbanBangalore,BLR,SouthAsia,SAS,India,India,No,,2.26369,0.23402,,,,
GA001309,M,UrbanBangalore,BLR,SouthAsia,SAS,India,India,No,,2.13928,0.322443,,,,
GA001311,F,UrbanBangalore,BLR,SouthAsia,SAS,India,India,No,,2.14045,0.167259,,,,
GA001312,M,UrbanBangalore,BLR,SouthAsia,SAS,India,India,No,,2.01761,0.309304,,,,
GA001313,F,UrbanBangalore,BLR,SouthAsia,SAS,India,India,No,,2.11854,0.340554,,,,
GA001314,M,UrbanBangalore,BLR,SouthAsia,SAS,India,India,No,,2.1072,0.18679,,,,
GA001316,M,UrbanBangalore,BLR,SouthAsia,SAS,India,India,No,,2.07121,0.209517,,,,
GA001319,F,UrbanBangalore,BLR,SouthAsia,SAS,India,India,No,,2.23631,0.289418,,,,
GA001320,F,UrbanBangalore,BLR,SouthAsia,SAS,India,India,No,,2.03619,0.242898,,,,
GA001321,F,UrbanBangalore,BLR,SouthAsia,SAS,India,India,No,,2.36189,0.167969,,,,
GA001322,M,UrbanBangalore,BLR,SouthAsia,SAS,India,India,No,,2.05908,0.276634,,,,
GA001323,F,UrbanBangalore,BLR,SouthAsia,SAS,India,India,No,,2.11346,0.216264,,,,
GA001397,M,STU,STU,SouthAsia,SAS,UK,Sri Lanka,No,,1.93505,0.317827,,,,
GA001398,M,STU,STU,SouthAsia,SAS,UK,Sri Lanka,No,,2.10074,0.272727,,,,
GA001399,F,ITU,ITU,SouthAsia,SAS,UK,India,No,,1.982,0.131747,,,,
GA001400,M,ITU,ITU,SouthAsia,SAS,UK,India,No,,2.14965,0.306463,,,,
GA001401,M,ITU,ITU,SouthAsia,SAS,UK,India,No,,2.39593,0.269531,,,,
GA001402,F,STU,STU,SouthAsia,SAS,UK,Sri Lanka,No,,2.09957,0.227273,,,,
GA001403,M,STU,STU,SouthAsia,SAS,UK,Sri Lanka,No,,2.26663,0.288707,,,,
GA001404,F,STU,STU,SouthAsia,SAS,UK,Sri Lanka,No,,2.10974,0.223366,,,,
GA001405,F,STU,STU,SouthAsia,SAS,UK,Sri Lanka,No,,2.01937,0.188565,,,,
GA001406,M,STU,STU,SouthAsia,SAS,UK,Sri Lanka,No,,2.25372,0.329545,,,,
GA001407,M,STU,STU,SouthAsia,SAS,UK,Sri Lanka,No,,2.17567,0.415483,,,,
GA001408,F,ITU,ITU,SouthAsia,SAS,UK,India,No,,2.15317,0.17294,,,,
GA001409,F,ITU,ITU,SouthAsia,SAS,UK,India,No,,2.12402,0.267045,,,,
GA001410,M,ITU,ITU,SouthAsia,SAS,UK,India,No,,2.21635,0.262074,,,,
GA001411,M,ITU,ITU,SouthAsia,SAS,UK,India,No,,2.04949,0.259588,,,,
GA001412,F,ITU,ITU,SouthAsia,SAS,UK,India,No,,2.01995,0.176136,,,,
GA001413,F,ITU,ITU,SouthAsia,SAS,UK,India,No,,2,0.222656,,,,
GA001414,M,ITU,ITU,SouthAsia,SAS,UK,India,No,,2.19366,0.223722,,,,
GA001415,M,ITU,ITU,SouthAsia,SAS,UK,India,No,,2.14652,0.329545,,,,
GA001416,F,ITU,ITU,SouthAsia,SAS,UK,India,No,,2.26585,0.316051,,,,
GA001417,F,ITU,ITU,SouthAsia,SAS,UK,India,No,,2.12696,0.190341,,,,
GA001418,M,ITU,ITU,SouthAsia,SAS,UK,India,No,,2.17156,0.208807,,,,
GA001419,F,ITU,ITU,SouthAsia,SAS,UK,India,No,,2.33196,0.25142,,,,
GA001420,M,ITU,ITU,SouthAsia,SAS,UK,India,No,,2.24237,0.295455,,,,
GA001421,M,ITU,ITU,SouthAsia,SAS,UK,India,No,,2.14808,0.207386,,,,
GA001422,F,ITU,ITU,SouthAsia,SAS,UK,India,No,,2.12422,0.216619,,,,
GA001423,M,ITU,ITU,SouthAsia,SAS,UK,India,No,,2.01467,0.299006,,,,
GA001424,M,ITU,ITU,SouthAsia,SAS,UK,India,No,,1.97946,0.235795,,,,
GA001425,M,ITU,ITU,SouthAsia,SAS,UK,India,No,,2.05516,0.239347,,,,
GA001426,M,ITU,ITU,SouthAsia,SAS,UK,India,No,,1.97183,0.350852,,,,
GA001427,F,ITU,ITU,SouthAsia,SAS,UK,India,No,,2.3079,0.257457,,,,
GA001428,F,ITU,ITU,SouthAsia,SAS,UK,India,No,,2.00782,0.317827,,,,
GA001429,F,ITU,ITU,SouthAsia,SAS,UK,India,No,,1.92547,0.326705,,,,
GA001792,U,Gujjar,GUJ,SouthAsia,SAS,Pakistan,Pakistan,No,,2.15493,0.200639,,,,
GA001793,U,Gujjar,GUJ,SouthAsia,SAS,Pakistan,Pakistan,No,,1.91745,0.207386,,,,
GA001794,U,Gujjar,GUJ,SouthAsia,SAS,Pakistan,Pakistan,No,,1.91393,0.138849,,,,
GA001795,U,Gujjar,GUJ,SouthAsia,SAS,Pakistan,Pakistan,No,,1.99296,0.14098,,,,
GA001796,U,Gujjar,GUJ,SouthAsia,SAS,Pakistan,Pakistan,No,,2.02426,0.104048,,,,
GA001797,U,Gujjar,GUJ,SouthAsia,SAS,Pakistan,Pakistan,No,,2.19229,0.176847,,,,
GA001798,U,Gujjar,GUJ,SouthAsia,SAS,Pakistan,Pakistan,No,,2.04558,0.169034,,,,
GA001799,U,Gujjar,GUJ,SouthAsia,SAS,Pakistan,Pakistan,No,,2.24628,0.127131,,,,
GA001800,U,Gujjar,GUJ,SouthAsia,SAS,Pakistan,Pakistan,No,,2.09605,0.0738636,,,,
GA001801,U,Gujjar,GUJ,SouthAsia,SAS,Pakistan,Pakistan,No,,1.92821,0.118253,,,,
GA001802,U,Gujjar,GUJ,SouthAsia,SAS,Pakistan,Pakistan,No,,2.01565,0.133168,,,,
GA001803,U,Gujjar,GUJ,SouthAsia,SAS,Pakistan,Pakistan,No,,1.90571,0.138139,,,,
GA001804,U,Gujjar,GUJ,SouthAsia,SAS,Pakistan,Pakistan,No,,1.96596,0.189631,,,,
GA001805,U,Gujjar,GUJ,SouthAsia,SAS,Pakistan,Pakistan,No,,2.14182,0.15767,,,,
GA001806,U,Gujjar,GUJ,SouthAsia,SAS,Pakistan,Pakistan,No,,2.24589,0.107244,,,,
GA001807,U,Gujjar,GUJ,SouthAsia,SAS,Pakistan,Pakistan,No,,1.94679,0.148793,,,,
GA001808,U,Gujjar,GUJ,SouthAsia,SAS,Pakistan,Pakistan,No,,1.97731,0.221591,,,,
GA001809,U,Gujjar,GUJ,SouthAsia,SAS,Pakistan,Pakistan,No,,2.13556,0.138139,,,,
GA001810,U,Gujjar,GUJ,SouthAsia,SAS,Pakistan,Pakistan,No,,2.01408,0.245028,,,,
GA001811,U,Gujjar,GUJ,SouthAsia,SAS,Pakistan,Pakistan,No,,1.92156,0.178267,,,,
GA001812,U,Rajput,RAJ,SouthAsia,SAS,Pakistan,Pakistan,No,,2.05282,0.211648,,,,
GA001813,U,Rajput,RAJ,SouthAsia,SAS,Pakistan,Pakistan,No,,2.21088,0.229403,,,,
GA001814,U,Rajput,RAJ,SouthAsia,SAS,Pakistan,Pakistan,No,,2.22516,0.120739,,,,
GA001815,U,Rajput,RAJ,SouthAsia,SAS,Pakistan,Pakistan,No,,1.96929,0.227628,,,,
GA001816,U,Rajput,RAJ,SouthAsia,SAS,Pakistan,Pakistan,No,,2.19875,0.17294,,,,
GA001817,U,Rajput,RAJ,SouthAsia,SAS,Pakistan,Pakistan,No,,2.19562,0.213068,,,,
GA001818,U,Rajput,RAJ,SouthAsia,SAS,Pakistan,Pakistan,No,,2.17606,0.266335,,,,
GA001819,U,Rajput,RAJ,SouthAsia,SAS,Pakistan,Pakistan,No,,2.13478,0.185369,,,,
GA001820,U,Rajput,RAJ,SouthAsia,SAS,Pakistan,Pakistan,No,,2.0358,0.179688,,,,
GA001821,U,Rajput,RAJ,SouthAsia,SAS,Pakistan,Pakistan,No,,2.0982,0.209162,,,,
GA001822,U,Rajput,RAJ,SouthAsia,SAS,Pakistan,Pakistan,No,,2.15649,0.177202,,,,
GA001823,U,Rajput,RAJ,SouthAsia,SAS,Pakistan,Pakistan,No,,2.0401,0.0681818,,,,
GA001824,U,Rajput,RAJ,SouthAsia,SAS,Pakistan,Pakistan,No,,2.13419,0.192116,,,,
GA001825,U,Rajput,RAJ,SouthAsia,SAS,Pakistan,Pakistan,No,,2.08705,0.260298,,,,
GA001826,U,Brahui,BRA,SouthAsia,SAS,Pakistan,Pakistan,No,,2.01702,0.0379972,,,,
GA001827,U,Brahui,BRA,SouthAsia,SAS,Pakistan,Pakistan,No,,1.90239,0.160156,,,,
GA001828,U,Brahui,BRA,SouthAsia,SAS,Pakistan,Pakistan,No,,1.8525,0.056108,,,,
GA001829,U,Brahui,BRA,SouthAsia,SAS,Pakistan,Pakistan,No,,1.97848,0.127131,,,,
GA001830,U,Brahui,BRA,SouthAsia,SAS,Pakistan,Pakistan,No,,1.98728,0.0490057,,,,
GA001831,U,Brahui,BRA,SouthAsia,SAS,Pakistan,Pakistan,No,,1.79949,0.0660511,,,,
GA001832,U,Brahui,BRA,SouthAsia,SAS,Pakistan,Pakistan,No,,1.88048,0.0600142,,,,
GA001834,U,Brahui,BRA,SouthAsia,SAS,Pakistan,Pakistan,No,,1.71088,0.12429,,,,
GA001835,U,Brahui,BRA,SouthAsia,SAS,Pakistan,Pakistan,No,,1.80986,0.0735085,,,,
GA001836,U,Sindhi,SND,SouthAsia,SAS,Pakistan,Pakistan,No,,1.9779,0.135298,,,,
GA001837,U,Brusho,BRU,SouthAsia,SAS,Pakistan,Pakistan,No,,1.89045,0.0578835,,,,
GA001838,U,Brusho,BRU,SouthAsia,SAS,Pakistan,Pakistan,No,,2.04851,0.103693,,,,
GA001839,U,Brusho,BRU,SouthAsia,SAS,Pakistan,Pakistan,No,,2.01995,0.165838,,,,
GA001841,U,Pathan,PAT,SouthAsia,SAS,Pakistan,Pakistan,No,,2.06631,0.0614347,,,,
GA001842,U,Pathan,PAT,SouthAsia,SAS,Pakistan,Pakistan,No,,1.98318,0.18679,,,,
GA001843,U,Pathan,PAT,SouthAsia,SAS,Pakistan,Pakistan,No,,2.26135,0.105824,,,,
GA001844,U,Pathan,PAT,SouthAsia,SAS,Pakistan,Pakistan,No,,1.86483,0.0646307,,,,
GA001845,U,Pathan,PAT,SouthAsia,SAS,Pakistan,Pakistan,No,,1.78795,0.152344,,,,
GA001846,U,Pathan,PAT,SouthAsia,SAS,Pakistan,Pakistan,No,,2.06416,0.133523,,,,
GA001847,U,Pathan,PAT,SouthAsia,SAS,Pakistan,Pakistan,No,,1.85231,0.115412,,,,
GA001848,U,Pathan,PAT,SouthAsia,SAS,Pakistan,Pakistan,No,,2.03345,0.0415483,,,,
GA001849,U,Pathan,PAT,SouthAsia,SAS,Pakistan,Pakistan,No,,1.99883,0.14027,,,,
GA001850,U,Pathan,PAT,SouthAsia,SAS,Pakistan,Pakistan,No,,2.00176,0.158026,,,,
GA001851,U,Pathan,PAT,SouthAsia,SAS,Pakistan,Pakistan,No,,1.89104,0.0422585,,,,
GA001852,U,Pathan,PAT,SouthAsia,SAS,Pakistan,Pakistan,No,,2.20442,0.0603693,,,,
GA001853,U,Pathan,PAT,SouthAsia,SAS,Pakistan,Pakistan,No,,1.82355,0.0820312,,,,
GA001854,U,Pathan,PAT,SouthAsia,SAS,Pakistan,Pakistan,No,,2.1029,0.165128,,,,
GA001855,U,Pathan,PAT,SouthAsia,SAS,Pakistan,Pakistan,No,,1.91451,0.15625,,,,
GA001856,U,Sindhi,SND,SouthAsia,SAS,Pakistan,Pakistan,No,,1.76682,0.153054,,,,
GA001857,U,Sindhi,SND,SouthAsia,SAS,Pakistan,Pakistan,No,,2.02954,0.179688,,,,
GA001858,U,Sindhi,SND,SouthAsia,SAS,Pakistan,Pakistan,No,,1.89574,0.186435,,,,
GA001859,U,Sindhi,SND,SouthAsia,SAS,Pakistan,Pakistan,No,,2.05458,0.107599,,,,
GA001860,U,Sindhi,SND,SouthAsia,SAS,Pakistan,Pakistan,No,,2.05008,0.152344,,,,
GA001861,U,Sindhi,SND,SouthAsia,SAS,Pakistan,Pakistan,No,,1.51076,0.120739,,,,
GA001862,U,Sindhi,SND,SouthAsia,SAS,Pakistan,Pakistan,No,,1.0849,0.037642,,,,
GA001863,U,Sindhi,SND,SouthAsia,SAS,Pakistan,Pakistan,No,,2.27465,0.0653409,,,,
GA001864,U,Sindhi,SND,SouthAsia,SAS,Pakistan,Pakistan,No,,1.87383,0.214489,,,,
GA001865,U,Brusho,BRU,SouthAsia,SAS,Pakistan,Pakistan,No,,1.85896,0.0674716,,,,
GA001866,U,Brusho,BRU,SouthAsia,SAS,Pakistan,Pakistan,No,,2.14202,0.147727,,,,
GA001867,U,Brusho,BRU,SouthAsia,SAS,Pakistan,Pakistan,No,,2.13948,0.141335,,,,
GA001869,U,Brusho,BRU,SouthAsia,SAS,Pakistan,Pakistan,No,,2.05732,0.182884,,,,
GA001871,U,Brusho,BRU,SouthAsia,SAS,Pakistan,Pakistan,No,,2.06729,0.164062,,,,
GA001872,U,Parsi,PAR,SouthAsia,SAS,Pakistan,Pakistan,No,,2.03443,0.0820312,,,,
GA001873,U,Hazara,HAZ,SouthAsia,SAS,Pakistan,Pakistan,No,,2.26487,0.162997,,,,
GA001874,U,Hazara,HAZ,SouthAsia,SAS,Pakistan,Pakistan,No,,2.29773,0.105824,,,,
GA001875,U,Hazara,HAZ,SouthAsia,SAS,Pakistan,Pakistan,No,Yes (GA001876),2.33216,0.167969,,,,
GA001876,U,Hazara,HAZ,SouthAsia,SAS,Pakistan,Pakistan,No,,2.2903,0.166548,,,,
GA001877,U,Hazara,HAZ,SouthAsia,SAS,Pakistan,Pakistan,No,,2.41588,0.136719,,,,
GA001878,U,Hazara,HAZ,SouthAsia,SAS,Pakistan,Pakistan,No,,2.02836,0.115057,,,,
GA001880,U,Hazara,HAZ,SouthAsia,SAS,Pakistan,Pakistan,No,,2.29049,0.102273,,,,
GA001881,U,Hazara,HAZ,SouthAsia,SAS,Pakistan,Pakistan,No,,2.23826,0.0426136,,,,
GA001882,U,Hazara,HAZ,SouthAsia,SAS,Pakistan,Pakistan,No,,2.25235,0.0838068,,,,
GA001883,U,Hazara,HAZ,SouthAsia,SAS,Pakistan,Pakistan,No,,2.21029,0.143111,,,,
GA001884,U,Hazara,HAZ,SouthAsia,SAS,Pakistan,Pakistan,No,,2.21283,0.15625,,,,
GA001885,U,Hazara,HAZ,SouthAsia,SAS,Pakistan,Pakistan,No,,2.25333,0.133168,,,,
GA001886,U,Hazara,HAZ,SouthAsia,SAS,Pakistan,Pakistan,No,,2.43251,0.175781,,,,
GA001887,U,Hazara,HAZ,SouthAsia,SAS,Pakistan,Pakistan,No,,2.19601,0.20277,,,,
GA001888,U,Hazara,HAZ,SouthAsia,SAS,Pakistan,Pakistan,No,,2.15513,0.117188,,,,
GA001890,U,Nicobarese,NIC,SouthAsia,SAS,India,India,No,,2.37422,0.31108,,,,
GA001891,U,Nicobarese,NIC,SouthAsia,SAS,India,India,No,,2.51174,0.285511,,,,
GA001892,U,Nicobarese,NIC,SouthAsia,SAS,India,India,No,,2.48376,0.241122,,,,
GA001893,U,Nicobarese,NIC,SouthAsia,SAS,India,India,No,Yes (GA001895),2.43955,0.18679,,,,
GA001894,U,Nicobarese,NIC,SouthAsia,SAS,India,India,No,,2.37813,0.155895,,,,
GA001895,U,Nicobarese,NIC,SouthAsia,SAS,India,India,No,,2.42664,0.191761,,,,
